Course ID,Title,Description
1001,clean-IT: Towards Sustainable Digital Technologies,"Digitalization is a game changer in the pursuit of a sustainable future. The latest digital technologies and applications like cloud, AI, and mobile devices enable us to achieve the Sustainable Development Goals and reduce carbon emissions in many sectors. Yet computer systems themselves have an immense energy requirement for their countless devices, data centers, applications and global networks. To effectively reduce the carbon footprint of digitalization, it is necessary to apply algorithmic efficiency and sustainability by design as guiding principles in digital engineering. The clean-IT Forum is the international platform to exchange ideas, recent research findings and applications to make digital technologies more energy-efficient."
1002,HPI Academy: Strategic Design Thinking For Every Day - Winter 2021,"This is an online course for everyone who wants to use Strategic Design Thinking for everyday challenges. You learn to use the whole potential of the approach, going beyond the method and the tools. Equip yourself with the most impactful Design Thinking principles to unlock your innovation capacity in complex, highly constrained situations.
Register now for the upcoming course starting October 08, 2021. Registration closes October 01, 2021.
This online training experience is provided by the HPI Academy."
1003,Algorithmen und Datenstrukturen mit Detektiv Duke,"Du hast bereits den Java-Kurs auf openHPI gemacht und die Einführung in Collections war dir zu schnell oder nicht detailliert genug? Du willst Datenstrukturen in Java besser kennenlernen? Du wolltest immer schon mal wissen, was eigentlich Iteratoren sind und welche Vorteile diese gegenüber von Schleifen haben? Welche Datenstrukturen für welche Anwendungsfälle schneller oder besser geeignet sind?
Auch Duke und seinen neuen Freund Big O beschäftigen diese Fragen in ihrem aktuellen Fall und sie brauchen wieder mal Deine Hilfe! Begleite Duke und seine Freunde auf ihrer spannenden Reise durch die wunderbare Welt der Algorithmen und Datenstrukturen in Java. Spoiler: mehr Drama, mehr Action und höchstens ein Papagei."
1004,Digital Future Literacy - Fit für die digitale Zukunft,"Im Zuge der Digitalisierung müssen sich viele heute im Erwerbsleben stehende Menschen beruflich weiterqualifizieren. Zunehmend gebraucht werden nicht nur technologische Fähigkeiten wie Umgang mit Software oder Programmierung, sondern die neuen digitalen Geschäfts- und Arbeitsprozesse erfordern verstärkt digitale und nicht-digitale Schlüsselfähigkeiten (digital future literacy). Dazu zählen u.a. Data Literacy, Kollaboration, digitales Lernen, Problemlösungsfähigkeit, Vorausschau und unternehmerisches Denken. In diesem Kurs wollen wir gemeinsam mit Ihnen die Herausforderungen der digitalen Zukunft reflektieren und Ihnen eine Toolbox unterschiedlicher Instrumente an die Hand geben, damit Sie sich dort bestmöglich zurechtfinden."
1005,Design Thinking 4.0 – The Cultural Dimension of Digital Transformation,"Design Thinking is an innovation approach, which evolved through the past 12 years from a university program at Stanford and HPI Potsdam to a globally respected and universally applied set of methods and tools for supporting and driving change towards a networked culture in organizations. The course is an introduction to the core principles of Design Thinking, explains its cultural impact and inspires to actively use Design Thinking at the organizational level.
The course is valuable for decision makers, who want to get an idea about the strategic underpinnings of design thinking. They will learn the terminology and get a better understanding, why and how to use Design Thinking to make the transformation towards a networked organization.
The course is not a substitute for a real design thinking-workshop, which will give - at its best - the deep and diverse team experience in a creative environment to the participants. But it helps, to get a better understanding of the core concepts behind Design Thinking and supports the development of their transformational strategy."
1006,Zum Web-Profi in drei Schritten - Prüfung,"In diesem Prüfungskurs können Sie Ihr Wissen zum Thema Webtechnologien unter Beweis stellen. Die Fragen umfassen sowohl Basiswissen zum World Wide Web als auch Fragen zu bekannten Web-Anwendungen wie der Google Suche oder Online-Zahlungsmechanismen. Darüber hinaus gibt es einen praktischen Prüfungsteil (Peer Assessment), in dem Sie Ihre Fähigkeiten in der Web-Programmierung zeigen können. Wir wünschen Ihnen schon jetzt viel Erfolg!
Information: Um an der Prüfung teilzunehmen, müssen Sie folgende Zulassungsvoraussetzungen erfüllt haben:
Teilnahme an den 3 Workshops Wie das Web technisch funktioniert, Programmieren fürs Web, Wegweisende Anwendungen im Web
Nachweis einer Teilnahmebestätigung an jedem der drei Workshops (Zugriff auf mindestens 80% des Lernmaterials)
Die Teilnahme an den Wochenaufgaben in den einzelnen Kursen ist für diese Prüfung nicht relevant."
1007,Connected Healthcare: Gesundheitsdaten im Alltag erfassen und analysieren,"Wir kennen sie bereits aus unserem Alltag: Fitnessarmbänder und Apps, die uns dabei unterstützen, gesünder zu leben und unsere persönlichen Gesundheitsdaten im Blick zu behalten.
Der Kurs ""Connected Healthcare"" beschäftigt sich mit dem Erfassen und der Analyse von gesundheits-relevanten Daten aus dem täglichen Leben. Teilnehmende lernen die Grundlagen für die Mitgestaltung eines zukünftigen Gesundheitswesens kennen, in dessen Mittelpunkt das Erreichen einer gesunden Lebensweise steht. Diskutieren Sie mit uns, inwiefern Connected Healthcare unser bisheriges zentrales Gesundheitssystem verändern, unterstützen und verbessern kann."
1008,Research Talks at HPI,"In this new offer ""Research Talks"" you will find high-level Tech Talks from HPI's researchers and well-known guests who visited HPI for a colloquium or conference. Unlike the other openHPI courses, Research Talks is a pure lecture series (without exam and certificate)."
1009,Wegweisende Anwendungen im Web,"Das World Wide Web (kurz WWW) hat unser Zusammenleben revolutioniert. Viele Menschen nutzen den Begriff, der die wohl wichtigste Anwendung im Internet beschreibt, sogar synonym für Internet – so fest ist es in unserem Sprachgebrauch inzwischen verankert.
Im dritten Teil unserer Kursreihe werfen wir einen Blick auf wegweisende Anwendungen im Web. Viele von uns nutzen regelmäßig die Google Suchmaschine, kaufen online ein oder lernen im Web, z.B. auf openHPI. Wie diese Anwendungen im Einzelnen funktionieren und welches Geschäftsmodell sie verfolgen, erfahren Sie in diesem Kurs."
1010,Künstliche Intelligenz und Maschinelles Lernen in der Praxis,"Alle reden über “Maschinelles Lernen”, ""Neuronale Netze"", ""Künstliche Intelligenz"" und ""Deep Learning - doch wie diese Techniken genau in der Praxis funktionieren und eingesetzt werden, erfahren Sie in diesem weiterführenden openHPI Kurs.
In diesem vierwöchigen Gratis-Kurs können Jugendliche und andere Interessierte ohne Programmier-Erfahrung und technisches Hintergrundwissen lernen, wie Machine Learning Projekte in der Praxis umgesetzt werden können. Wir wollen dabei das Basiswissen aus dem Kurs “Künstliche Intelligenz und Maschinelles Lernen für Einsteiger” weiter vertiefen und Ihnen ein Gefühl für die Chancen und Herausforderungen von Machine Learning Projekten in der Praxis vermitteln. Dafür betrachten wir mehrere konkrete Anwendungsfälle - unter anderem die Erkennung von Gebärdensprache aus Bildern und die Stimmungsanalyse von Zeitungsartikeln. Geleitet wird der Kurs von den Masterstudenten Johannes Hötter und Christian Warmuth."
1011,Programmieren fürs Web,"Das World Wide Web (kurz WWW) hat unser Zusammenleben revolutioniert. Viele Menschen nutzen den Begriff, der die wohl wichtigste Anwendung im Internet beschreibt, sogar synonym für Internet – so fest ist es in unserem Sprachgebrauch inzwischen verankert.
Im zweiten Teil unserer Kursreihe zum Thema Web-Technologien beschäftigen wir uns näher mit der Web-Programmierung. Dabei schauen wir uns zunächst die Clientseitige Web-Programmierung an. In der zweiten Kurswoche steht die Serverseitige Web-Programmierung auf dem Programm."
1012,Enterprise Goes Cloud,"In this free online course, you’ll learn not only the theoretical key concepts and technologies of enterprise cloud platforms, but also conduct a practical exercise to apply some of your newly acquired knowledge by deploying a sample cloud-native application on SAP Business Technology Platform."
1013,Wie das Web technisch funktioniert,"Das World Wide Web (kurz WWW) hat unser Zusammenleben revolutioniert. Viele Menschen nutzen den Begriff, der die wohl wichtigste Anwendung im Internet beschreibt, sogar synonym für Internet – so fest ist es in unserem Sprachgebrauch inzwischen verankert. Werfen Sie mit uns in diesem Kurs einen Blick hinter die Kulissen der Webtechnologie! Lernen Sie mehr darüber, wie das Web technisch funktioniert."
1014,Datenschutz für Einsteigerinnen und Einsteiger,"Im Kurs ""Datenschutz für Einsteigerinnen und Einsteiger“ lernen Sie die rechtlichen Grundlagen des Datenschutzes in Deutschland kennen. Wir wollen unter anderem auf folgende wesentliche Elemente eingehen:
Betroffenenrechte
Auftragsverarbeitungsvereinbarung
Verfahrensverzeichnis
Datenschutzfolgenabschätzung
Voraussetzungen für ein Datenschutzmanagementsystem gemäß DSGVO
Zuletzt erfahren interessierte Kursteilnehmerinnen und -teilnehmer, was im Falle einer Datenpanne zu unternehmen ist."
1015,Learning @ Scale 2021 & EMOOCs 2021,"All learning institutions have been forced to transform and redesign their learning methods, moving from traditional models to hybrid or complete online models at scale. This has shown clearly and rapidly, what already works in online education and what still has a ways to go. The learnings derived from praxis and research have been explored in EMOOCs /Learning @ Scale 2021 which took place completely online from June 22 to June 24, 2021.
For more information, please visit also our official website."
1016,A Step-by-Step Introduction to Process Mining,"Process mining is widely used in organizations to improve the understanding of business processes, based on data. Therefore, process mining is also called “data science for business processes”. While process mining has gone mainstream, there are many underlying concepts and techniques, and these are complex. The goal of this online course is to provide a general understanding of the concepts and techniques behind process mining. The course will be most valuable for domain experts, whose business processes are investigated, and for professionals in IT and in business consulting. We aim at providing a common understanding and a common language that facilitates communication between all stakeholders involved in process mining projects."
1017,Digital Entrepreneurship,"What exactly does digital entrepreneurship mean and how does it differ from ""classic"" entrepreneurship? How does digital entrepreneurship influence the economy and society? How does effective collaboration between different stakeholders work and what role do digital ecosystems play in this? What kind of entrepreneurial mindset does digital entrepreneurship need?
Not only in times of Corona, digital companies, digital business models and digital business processes are on the rise. Using many examples from entrepreneurs and scientists, you will learn in a clear and practice-oriented way what it means to be a digital entrepreneur. Based on state-of-the-art examples from digital entrepreneurship research, you will develop your own digital entrepreneurship approach and philosophy."
1018,Blockchain - Revealing the Myth,"In this course we want to explore the origins, goals, development path and fakes of Blockchain technology that have emerged along the way. More specifically, we will take a look at the initial idea of Blockchain and how it works. Then, we will examine which evolution it has run through from a decentralized registry to a world computer. Participants will get to know the challenges of Blockchain and Blockchain alternatives. Last but not least, we will explain how you can successfully use blockchain."
1019,HPI Academy: Professional Track Spring 2021,"The Professional Track is an implementation program specifically designed for executives to use Design Thinking as a strategy to manage complexity in change processes. Experience the fundamental Design Thinking principles, apply to most impactful tools and agile methods and train your skills in your company project as Strategic Design Thinking Project Teamleader.
Register now for the upcoming course starting March 08, 21. Registration closes January 29, 21.
This online training experience is provided by the HPI Academy."
1020,Cybersecurity Basics - Exam,"If you have completed the three security workshops offered on openHPI this year, you should now have a good knowledge of the basics of cybersecurity. Here we offer you the opportunity to take an exam on the material from all three workshops. If successful, you will receive a record of achievement or a qualified certificate, which is usually only awarded in 6-week courses.
You may not register for the exam until you have met the eligibility requirements. The following criteria must be met:
Participation in the 3 Workshops Confidential Communication in the Internet, Digital Identities, Cyberthreats by Malware
Proof of a confirmation of participation in each of the three workshops (access of at least 80% of the learning material)
The participation in the weekly assignments in the individual courses is not relevant for this exam."
1021,Computeranatomie - Ein Blick ins Innere deines Rechners,"Wie sieht es eigentlich in einem Computer aus? Für viele ist dies eine spannende Frage, die bisher unbeantwortet blieb. In diesem Kurs wollen wir diese Wissenslücke schließen und einen Einblick in die Computerhardware geben.
Dabei werden wir in dem zweiwöchigen Kurs auf die wichtigsten Hardwarekomponenten in einem Computer eingehen und ihre Funktionsweisen kennenlernen. Weiterhin betrachten wir auch das Zusammenspiel zwischen den Komponenten."
1022,Cyberthreats by Malware,"In this course we will discuss a huge problem on the Internet: The spread of malware.
The number of cyber attacks has increased again in 2020. New forms of malware have evolved, even more disruptive and more damaging.
We will cover different types of malware, such as, viruses, worms, and trojans, talk about botnets and ransomware, and mention some countermeasures."
1023,Digital Identities,"The average Internet user has more than 25 Internet accounts, which are created for a wide variety of purposes. Besides accounts for e-mail services or social networks, users need access to learning platforms or online shopping services. Each of these internet accounts represents an individual digital identity. Each of these identities in turn contains a wide variety of personal information. In addition to information used to authenticate a user, such as an e-mail address and password, other services require very personal and sensitive data, such as bank details for payment and the place of residence for the subsequent delivery of an order."
1024,Confidential Communication in the Internet,"A message on the Internet is sent through several networks and via different stations on its way to the target system. The individual stations are responsible for ensuring that the message is properly forwarded and finally delivered to the correct recipient. Each of these stations, if the message is sent in plain text, can receive the message and read its content. This means that a potential attacker, if he controls one of these intermediate systems, can also read the content of the message and even modify it before retransmitting it. Such attacks can have extreme effects on communication.
In this course we will look at how and whether your connection to online banking is secure or whether the content of an e-mail is trustworthy. For this purpose we will deal with the basics of cryptography, security objectives and different types of encryption. In addition, we will provide insights into different models and standards that are used in practice."
1025,Future of Computing - on the Road to Quantum,"We present technologies that are building blocks for the “Future of Computing”. Improvements in system architecture are required to satisfy the ever-growing need for computational power.
In 3 weeks we will cover the topics: technology trends, new system architectures, and quantum computing. We are working together with IBM Research and Development experts to give you insights from the industry."
1026,Knowledge Graphs,"Even though it affects our lives every single day, most of us have no idea what a knowledge graph is. Asking Alexa about the weather tomorrow or searching for the latest news on climate change via Google, knowledge graphs constitute the backbone of today’s state-of-the-art information systems. From improving search results over question answering and recommender systems up to explainable AI systems, the applications of knowledge graphs are manyfold."
1027,Programmieren lernen mit Python,"Du bist Schüler:in zwischen 12 und 18 Jahren? Du hast bisher noch keine Programmierkenntnisse oder möchtest gerne Python lernen, eine einfache, aber sehr mächtige Programmiersprache, die auch in Industrie und Forschung stark verbreitet ist? Dann bist du hier genau richtig! Python zeichnet sich insbesondere durch eine gute Lesbarkeit und die hohe Verfügbarkeit bestehender Bibliotheken aus.
In diesem vierwöchigen kostenlosen Einsteigerkurs lernst du spielerisch und mit gehörigem Spaßfaktor die Grundlagen der Programmierung in Python kennen. Neues Wissen vertiefen wir mit praktischen Beispielen und helfen so, den beiden Schlangen Simon und Stella ihre Probleme zu lösen. Die beiden Schlangen stehen symbolisch für die Programmiersprache Python, dessen Logo zwei Python-Schlangen bilden.
Gleichwohl sich der Kurs vor allem an Schüler:innen richtet, ist die Teilnahme für alle offen."
1028,Mastering Design Thinking in Organizations,"Design thinking (DT) is a valuable approach for enabling effective innovation in organizations (Kolko 2015). Just as a company’s, objectives for DT are diverse, so is the diversity of how and why organizations implement and succeed DT. While some companies start small in one department, others make DT part of their strategy and implement DT globally throughout the whole organization and embed it into their corporate DNA."
1029,Computational Learning Theory and Beyond,"In this course you will be introduced to computational learning theory and get a glimpse of other research towards a theory of artificial intelligence.
Our starting point will be a hands-on binary classification task. Basically, this is the challenge of classifying the elements of a given set into two groups (predicting which group each one belongs to) on the basis of given labeled data. Thus the goal of the supervised machine learning algorithms is to derive a correct classification rule. Our interest lies in strategies that work not only for one specific classification task but more universally for a pre-specified set of such. You will get to know a formalization of the aforementioned notions and see illustrating examples. In the main part, you will get to know different learning models which are all based on a modular design. By investigating the learning power of these models and the learnability of the prominent set of half-spaces, we also give arguments for how to choose an appropriate one."
1030,Digital Health für Einsteiger,"Die Digitalisierung der Medizin ist dabei, die Gesundheitsversorgung grundlegend zu verändern. „Digital Health“ heißt das Stichwort: Mit dem Einsatz digitaler Technologien sollen Gesundheit, Pflege, Leben und Gesellschaft verbessert sowie die Qualität und Effizienz der Versorgung verbessert werden.
In diesem zweiwöchigen openHPI-Kurs lernen Sie die Grundbegriffe von Digital Health kennen. Warum ist Digital Health wichtig für Ihre persönliche Gesundheit? Warum ist die Digitalisierung ein Motor für Innovationen in der Medizin? Diese Fragen werden die drei Professoren Erwin Böttinger, Bert Arnrich und Christoph Lippert vom HPI Digital Health Center beantworten und Sie in Chancen und Risiken der digital unterstützten Gesundheit einführen."
1031,Künstliche Intelligenz und maschinelles Lernen für Einsteiger,"Hier lernen Jugendliche und andere Interessierte ohne Programmier-Erfahrung und technisches Hintergrund-Wissen, die Welt des maschinellen Lernens und der künstlichen Intelligenz zu verstehen. Wir führen Sie dazu in die grundlegenden Konzepte ein. Dabei erfahren Sie, wo die Unterschiede zwischen herkömmlicher Programmierung und der Entwicklung selbstlernender Software liegen. Anhand von Beispielen erfahren Sie, was überwachtes, nicht überwachtes und verstärkendes Lernen sind. Denn diese Konzepte bilden den Kern für die Algorithmen, welche das maschinelle Lernen bewirken. Erleben Sie anhand einer konkreten Anwendung, wie mit einem solchen Lernprozess Muster und Strukturen in großen Datenmengen erkannt werden können. Auch auf ethische Fragen beim Einsatz künstlicher Intelligenz sowie die Begrenzungen der Technologie maschinellen Lernens wird in dem vierwöchigen Gratis-Kurs eingegangen. Geleitet wird er von den Masterstudenten Johannes Hötter und Christian Warmuth."
1032,HPI Academy: Leading Digital Transformation and Innovation - Fall 2020,"Change is the new constant in leadership of the 21st century. Never before in history have the opportunities of creating new business value been so easily reachable for organizations – and so elusive at the same time. Digital technology offers speed and scalability to drive successful innovation and adaptivity on the one hand – and represents one of the most important leadership challenges on the other. Leaders are charged with navigating the dynamic complexity of a new era, which more than ever requires a holistic perspective.
The ""Leading Digital Transformation and Innovation"" program consists of 3 face-to-face training blocks which are a combination of impulse lectures and practice slots, complemented and deepend by online materials made accessible on this platform.
Please find more information on the program and the application process via the HPI Academy website."
1033,A Half Century of Internet: How it works today,"The Internet connects more than half of the world's population. This revolutionary form of transmitting all kinds of data between places on the planet has made the network of networks the indispensable backbone of societies. The number of users has exploded to four billion people.
The speed of change is dramatic and for some breathtaking. Many well-known and even more unknown personalities have shaped the development of the Internet. However, this exciting success story also reveals the dark sides of this development. What has become of the original hope for a democratization of communication? To what extent has the Internet provided access to better educational opportunities? How do large Internet companies and governments use the Internet? How can you safely communicate over this network?"
1034,Let’s Git - Versionsverwaltung und OpenSource,"Wie verwalte ich verschiedene Versionen von Software oder einer großen Menge von Dateien? Nicht nur für Entwickler ist das eine spannende Frage. In diesem Kurs wollen wir euch daher das Versionsverwaltungstool Git näher bringen. Dazu machen wir einen Ausflug in die Welt der Open Source Software.
In unserem Kurs zeigen wir euch, wie ihr ein passendes Projekt findet und sofort mit der Arbeit beginnen könnt. Dieser Kurs ist an alle gerichtet, die etwas über Versionsverwaltung und Arbeit in Open Source Projekten lernen möchten.
In diesem Sinne: Lets git started!"
1035,Tatort Internet - Angriffsvektoren und Schutzmaßnahmen,"Hackern gelingt es immer wieder, Passwörter zu stehlen, auf sensible Firmen- und Userdaten zuzugreifen und somit schlimmstenfalls ganze Unternehmen lahmzulegen. So vielfältig die Möglichkeiten sind, die das Internet seinen Nutzern bietet, so vielfältig sind auch die Angriffspunkte und potenziellen Gefahren, die vom Internet ausgehen und vielen Menschen noch nicht richtig bewusst sind. In diesem openHPI-Kurs lernen Sie die Grundbegriffe der Internetsicherheit kennen. Warum ist das Internet in seinem Grunddesign unsicher? Welches sind die Schwachstellen des Internets und wie werden diese von Cyberkriminellen ausgenutzt? Diese Fragen werden unter anderem in diesem Kurs beantwortet. Gleichzeitig erhalten Sie einige Tipps, wie Sie sich vor solchen Angriffen schützen können."
1036,Co-Innovation Journey for Startups and Corporates,"We are living in a fast, rapidly changing and more complex world than ever experienced before. But every challenge has its opportunities. Be part of our co-innovation journey - starting next April - to jointly unleash this huge potential. Whether you are working in an established company, a startup, studying or preparing yourself to deep dive into this thriving ecosystem. This learning opportunity is fully online - massive - no strings attached. Are you ready for take-off?"
1037,Praktische Einführung in Deep Learning für Computer Vision,"Über “Neuronale Netze”, “Artificial Intelligence” und “Deep Learning” reden heute alle. Jeder möchte künstliche Intelligenz nutzen, doch wie fange ich am besten damit an?
In diesem Kurs werden wir künstliche neuronale Netze, die Grundlage künstlicher Intelligenz, sowohl theoretisch als auch praktisch einführen. Dabei wollen wir genauer untersuchen, wie solche Netze funktionieren und wie man sie entwickeln und einsetzen kann. Der Kurs beinhaltet theoretische Grundlagen, praktische Übungen und weiterführende Exkurse, unter anderem in die Algorithmen, welche zum Trainieren von neuronalen Netzen verwendet werden. Anschließend werden wir lernen, wie ein Netz für verschiedene Einsatzzwecke optimiert werden kann und wie wir auch mit wenig Trainingsdaten Erfolge erzielen können. Am Ende zeigen wir, wie ihr selbst ein gutes Netz für ein eigenes Problem trainieren könnt.
Ziel des Kurses ist es, ein Verständnis von künstlichen neuronalen Netzen und deren Einsatz- und Optimierungsmöglichkeiten zu schaffen."
1038,Objektorientierte Programmierung in Java,"In diesem openHPI Einsteigerkurs beschäftigen wir uns mit den Grundlagen der objektorientierten Programmierung und lösen gemeinsam mit Detektiv Duke einen mysteriösen Entführungsfall. Wesentliches Merkmal der objektorientierten Programmierung ist die geeignete Verteilung von Aufgaben auf Komponenten, die jeweils eigene Eigenschaften und Verhaltensweisen aufweisen und sich gegenseitig beeinflussen können.
Durch regelmäßige Programmieraufgaben wird das Gelernte angewendet und die Teilnehmer erwerben praktische Kenntnisse in der Programmiersprache Java.
Voraussetzungen für diesen Kurs sind lediglich ein Interesse an Programmierung, ein Computer mit Internetzugang und ein moderner Browser. Vorhergehende Programmiererfahrung ist hilfreich, aber nicht notwendig. Um erfolgreich am Kurs teilzunehmen, sollte man 4-6 Stunden Zeit pro Woche einplanen."
1039,Object-Oriented Programming in Java,"In this free online course, you’ll learn the key concepts of object-oriented programming (OOP) as well as fundamental programming techniques. You’ll apply your newly acquired knowledge by implementing hands-on programming exercises in the Java programming language. The course will be completed by an exercise to model a small, object-oriented, real-world scenario. After completing this course, you’ll be able to model and implement small programs in Java and apply OOP best practices.
This course is operated by the openHPI team on openSAP, the sister platform of openHPI."
1040,Data Engineering und Data Science – Klarheit in den Schlagwort-Dschungel,"Die Schlagwörter Künstliche Intelligenz, Data Science, Data Engineering, und Big Data dominieren seit einigen Jahren nicht nur die IT-Schlagzeilen. In unserem Kurs wollen wir diese Wörter mit grundlegendem Inhalt füllen und die typischen Arbeitsschritte eines Data Scientists nachvollziehen. Insbesondere schauen wir hinter die Kulissen und betrachten den oft mühsamen Weg der Daten bis sie endlich genutzt werden können um z.B. mittels maschinellem Lernen Modelle trainieren zu können. Dazu gehören die Datenbeschaffung, die Datenreinigung, und die Datenintegration. Anschließend lernen wir, wie man aus diesen Daten und auch aus Texten neue Erkenntnisse mittels Data Mining und maschinellem Lernen gewinnt. Der Abschluss bildet eine Diskussion über Ethik und Fairness bei der automatisierten Datenanalyse."
1041,"Trolle, Hass und Fake-News: Wie können wir das Internet retten?","In diesem Kurs wollen wir uns verschiedenen Phänomenen von Missbrauch und Fehlverhalten von Nutzer/innen im Web widmen. Neben der Einordnung und Kategorisierung dieser Phänomene wollen wir uns auch mit (technischen) Lösungen befassen, die Trolle und Fake News erkennen oder vor Hate Speech warnen. Des Weiteren wollen wir diskutieren, inwieweit jede/r Einzelne das Web besser machen kann und wie sich jede/r selbst gegen negative Auswirkungen insbesondere von sozialen Medien schützen kann.
Die zeitliche Aufteilung ist dabei wie folgt: Zuerst geben wir einen Überblick über die aktuellen Probleme und versuchen relevante Aspekte zu identifizieren sowie grundlegende Begriffe zu definieren. Weitere Schwerpunkte in der ersten Woche werden dann Trolle und Hate Speech sein. In Woche zwei beschäftigen wir uns mit Informationen im Zeitalter von sozialen Medien: Vor- und Nachteile, Fake News bis hin zu Propaganda."
1042,"Die Technologie, die die Welt veränderte - 50 Jahre Internet","Das Internet, das 1969, im selben Jahr wie die erste Mondlandung und das legendäre Woodstock-Festival, aus der Vernetzung von gerade einmal vier Computern in Kalifornien hervorging, hat sich in 50 Jahren zu einer einmaligen, weltumspannenden Infrastruktur entwickelt.
Mehr als die Hälfte der Erdbevölkerung ist durch das Internet vernetzt. Die revolutionäre Form der Übermittlung jeglicher Art von Daten zwischen Orten dieser Erde ließ das Netz der Netze zum unverzichtbaren Rückgrat der Gesellschaften werden. Die Nutzerzahlen explodierten auf inzwischen vier Milliarden Menschen (davon 57 Millionen in Deutschland), eine Innovation jagte die nächste.
Das Tempo des dramatischen Wandels, den das Internet hervorrief und noch immer antreibt, ist enorm und für manchen atemberaubend. Viele bekannte und noch mehr unbekannte Persönlichkeiten prägten die Entwicklung des Internets. Doch die spannende Erfolgsgeschichte zeigt auch, dass es Schattenseiten der Entwicklung gibt. Was ist aus der ursprünglichen Hoffnung auf eine Demokratisierung der Kommunikation geworden? Inwieweit hat das Internet Zugang zu besseren Bildungschancen ermöglicht? Wie nutzen große Internet-Konzerne und Regierungen das Netz der Netze? Wie gläsern ist der durchs Internet vernetzte Mensch, wie sicher kann er über dieses Netzwerk kommunizieren? Was machen wir Menschen mit dem Internet und was macht das Internet mit uns? Befindet sich das 50 Jahre alte Internet in einer Art Midlife Crisis, steht es angesichts von immer mehr manipulierten Inhalten an einem Wendepunkt? Wie abhängig sind wir mittlerweile von dieser Technologie und wie geht es mit ihr weiter?
Solche und ähnliche Fragen versucht unser openHPI-Kurs mit Ihnen zusammen zu beantworten und zu diskutieren. Nehmen Sie außerdem Teil an unserer großen Mitmachaktion ""Internet 100 - wie das Internet im Jahr 2069 aussieht""."
1043,Netzwerkvirtualisierung - Von einfach bis zur Cloud,"Nach der Virtualisierung der Server wird nun das Netzwerk virtualisiert. Physikalische und virtuelle Netzwerke werden entkoppelt und somit entstehen Netze mit neuen Möglichkeiten.
Der Kurs zeigt die Netzwerkvirtualisierung, die schon lange im Netzwerk Verwendung findet, bis hin zu Cloud Netzwerken und Unternehmensvernetzung mit Hilfe von SD-WAN. Praktische Hinweise im Kurs machen eine erste Planung und Einführung von virtuellen Netzwerken in Unternehmen, Behörden und Bildungseinrichtungen möglich. Neben neuen Netzwerkstrukturen, die zur Verfügung stehen, helfen virtuelle Netzwerke auch bei der Einführung von IPv6. Hier knüpft der Kurs an den IPv6 Kurs von Herrn Boeddinghaus an."
1044,Human-Centered Design: Building and Testing Prototypes,"Learn to build simple but effective prototypes, prepare testing scenarios and gain valuable feedback from potential users. This course introduces you to the basics of prototyping, planning and running real testing scenarios."
1045,Startup Talks at HPI,"Meet the founders of DesignStudio, Flixbus, GetYourGuide and GoEuro as well as Berlin’s leading startup lawyer and seed investor. Over the course of two semesters the event series “Startup Talks@HPI” will feature startup experts and founders such as Paul Stafford, Christoph Maire, André Eggert, Jochen Engert, Johannes Reck and Naren Shaam.
The speakers will give advice about making a startup a success. They will discuss entrepreneurial topics such as ideation, business and legal fundamentals, product development, marketing, sales, funding and growth. The lecture series will provide first-hand information from speakers belonging to the inner circle of the German and European startup scene.
Unlike the other openHPI courses, Startup Talks is a pure lecture series (without exam and certificate)."
1046,"Business Processes: Modeling, Simulation, Execution","Business process models play a central role in analyzing, simulating, and executing business processes. They serve as a communication vehicle for professionals with different background and expertise, ranging from business administration, quality management, and organizational development to systems architectures, and software development.
This online course introduces concepts of business process modeling and decision modeling using the industry standards Business Process Model and Notation, BPMN, and Decision Model and Notation, DMN. The course also covers concepts to describe and analyze business processes and decisions, and to simulate and execute them using modern BPM tools."
1047,Beyond Brockhaus Thinking: With Design Thinking to a Networked Culture,"Design Thinking is an innovation approach, which evolved through the past 12 years from a university program at Stanford and HPI Potsdam to a globally respected and universally applied set of methods and tools for supporting and driving change towards a networked culture in organizations. The course is an introduction to the core principles of Design Thinking, explains its cultural impact and inspires to actively use Design Thinking at the organizational level.
The course is valuable for decision makers, who want to get an idea about the strategic underpinnings of design thinking. They will learn the terminology and get a better understanding, why and how to use Design Thinking to make the transformation towards a networked organization.
The course is not a substitute for a real design thinking-workshop, which will give - at its best - the deep and diverse team experience in a creative environment to the participants. But it helps, to get a better understanding of the core concepts behind Design Thinking and supports the development of their transformational strategy."
1048,Future of Computing - IBM POWER9 and beyond,"Digitalization and exponential growth of data are challenges to the world of traditional IT. In this course we are presenting technologies that are building blocks for the “Future of Computing”.
The Systems of Engagement with unstructured data and analytical processing require new approaches for software development and deployment, like microservices, containerization and cloud-native applications. In addition, IT departments require new underlying technologies to enable processing of vast amounts of data: Hardware Acceleration, Artificial Intelligence and Blockchain Technology.
These new trends are put in contrast with essential technologies of the traditional Systems of Record. Reliability, High-Availability and Serviceability in these systems require sophisticated hardware, operating systems and middleware in order to process transactions at scale."
1049,Blockchain - Sicherheit auch ohne Trust Center,"Wussten Sie, dass das Konzept der Blockchain aus dem Jahr 2008 stammt und letztlich eine Reaktion auf die zweifelhafte Rolle der Banken war, die sich in der Welt-Finanzkrise gezeigt hat? Während etwa beim Online-Banking ein Finanzdienstleister für akkurate Buchführung über alle Transaktionen sorgt und die Konten für die Kunden führt, zeigte das 2009 online gegangene Netzwerk der Kryptowährung Bitcoin erstmals, dass man auch ohne Bank ein sicheres Währungssystem betreiben kann - eben dank der Blockchain-Technologie.
Mit einem weiteren zweiwöchigen Onlinekurs (unser Blockchain-Kurs aus dem Jahr 2018) zur viel diskutierten Blockchain-Technologie wollen wir einen tieferen und gleichzeitig kompakten Einblick in die grundlegenden Konzepte und die Herausforderungen komplexer verteilter Systeme geben. Im Unterschied zu den weit verbreiteten zentralisierten Systemen mit einer Vertrauensinstanz im Mittelpunkt, geht es Blockchain-Technologien darum, verlässlichen und sicheren Datenaustausch auch ohne eine solche zentrale Instanz zu gewährleisten.
Darauf, wie in einem solchen verteilten System ohne zentrale Instanz Vertrauen und Konsens zwischen den einzelnen Akteuren geschaffen werden kann, geht der kostenlose openHPI-Kompaktkurs im Detail ein. Er richtet sich an Anfänger, die sich für das Thema Blockchain interessieren und gerne intensiver in die Materie einsteigen wollen.
Mit diesem Wissen ausgestattet, werden Sie ein tieferes Verständnis der Blockchain-Technologie bekommen und entscheidende Unterschiede zu bestehenden Ansätzen verstehen."
1050,Wie programmiere ich meinen ersten Mini-Computer?,"In immer mehr Geräten stecken Computer: Von A wie Auto bis hin zu Z wie Zahnbürste. Doch das heißt nicht, dass da gleich ein ganzer PC verbaut ist. Meist ist ein kleiner Chip das Gehirn, welches die Funktionen des Gerätes ermöglicht, ein so genannter Mikrocontroller. Einer der berühmtesten Vertreter ist der ""Arduino"", aber es gibt noch viele mehr. In diesem Kurs zeigen wir dir, wie du einen solchen Mikrocontroller programmieren kannst. Mit diesem Wissen ausgestattet werden wir kleine Projekte umsetzen, z.B. ein Auto fernsteuern oder eine Pflanzenüberwachung für deinen Balkon bauen."
1051,Patentrecht: So schützen Sie Ihre Innovation,"Haben Sie eine kreative Idee im Kopf oder bereits einen ersten Prototypen entwickelt? Dann wird es höchste Zeit, sich über den Schutz der Erfindung und eine Patentierung Gedanken zu machen.
In diesem 3-wöchigen Kurs zeigen wir Ihnen, welche Schutzrechte es gibt und welche Vorteile ein Patent bietet. Dabei möchten wir insbesondere das Urheberrecht vom Patentrecht abgrenzen. Wir werden darauf eingehen, wem typischerweise eine Software-Entwicklung gehört und warum es sinnvoll sein könnte, ein Patent darauf anzumelden. Außerdem erfahren Sie, was dabei zu beachten ist und wie die übliche Vorgehensweise aussieht. Zuletzt werden wir auf Open Source Software zu sprechen kommen und diskutieren, welche Parallelen zwischen Patenten und Open Source bestehen."
1052,Digitale Identitäten - Wer bin ich im Netz?,"Der durchschnittliche Internetnutzer verfügt über mehr als 25 Internetkonten, die für unterschiedlichste Absichten angelegt werden. Neben Accounts für E-Mail-Dienste oder soziale Netzwerke, benötigen Nutzer Zugang zu Lernplattformen oder Onlineshoppingdiensten. Jedes dieser Internetkonten repräsentiert eine individuelle Digitale Identität. Jede dieser Identitäten umfasst wiederum unterschiedlichste persönliche Angaben. Neben Informationen, die zur Authentifizierung eines Users genutzt werden, wie einer E-Mail-Adresse und einem Passwort, benötigen andere Dienste sehr persönliche und sensible Daten, wie die Bankverbindung zum Bezahlen und den Wohnort für die anschließende Lieferung einer Bestellung."
1053,Datensicherheit im Netz – Einführung in die Informationssicherheit,"Eine Nachricht im Internet wird auf ihrem Weg bis zum Zielsystem durch mehrere Netze und über unterschiedliche Stationen geschickt. Die einzelnen Stationen sind dafür verantwortlich, dass die Nachricht ordnungsgemäß weitergeleitet und schließlich dem korrekten Empfänger zugestellt wird. Jede dieser Stationen kann die Nachricht, falls sie im Klartext verschickt wird, empfangen und den Inhalt lesen. Somit kann ein potenzieller Angreifer, falls er eines dieser Zwischensysteme kontrolliert, den Inhalt der Nachricht ebenfalls lesen und sogar vor dem Weitersenden verändern. Solche Angriffe können extreme Auswirkungen auf die Kommunikation haben.
Im Rahmen dieses Kurses werden wir beleuchten, wie und ob ihre Verbindung zum Online-Banking sicher oder der Inhalt einer E-Mail vertrauenswürdig ist. Dafür werden wir uns mit Grundlagen der Kryptographie, Sicherheitszielen und verschiedenen Arten der Verschlüsselung beschäftigen. Darüber hinaus wird es Einblicke in unterschiedliche Modelle und Standards, die in der Praxis verwendet werden, geben."
1054,Mainframe - Crucial Role in Modern Enterprise Computing,"Whether you withdraw money at a cashpoint, pay with a credit card, book a flight or buy a train ticket—mainframes are always at work in the background. They do the crucial work and ensure that everything runs securely and without data loss. More than 70 percent of the Global 500s work with mainframes.
The digital transformation poses a big challenge for enterprises today, and the modern mainframe plays a crucial role in addressing this challenge. As the typical platform for the ""systems of record"" of most large organizations, its unique features support today's requirements regarding performance, flexibility and security and enable companies to successfully manage the challenges of an online world. This course will give an overview of the modern mainframe, its concepts and features and their role in enterprise computing. Topics addressed range from mainframe architecture, hardware and operating systems (z/OS, z/VM, Linux), Mainframe application development and transaction processing to state-of-the-art workloads such as blockchain and analytics. In addition, industry success stories will be presented."
1055,Programmieren mit Ruby,"Die Programmiersprache Ruby hat sich nicht zuletzt durch den Erfolg des Web-Frameworks Ruby on Rails einen Namen gemacht. Ihre Anwendungsmöglichkeiten gehen aber weit über das Web hinaus; und wer Rails kennt, kennt noch lange nicht alles, was diese Sprache zu bieten hat.
In diesem Kurs wollen wir mit euch Ruby von Grund auf kennenlernen - mit seiner Eleganz und seiner Ausdrucksstärke, aber auch mit seinen Tücken."
1056,Human-Centered Design: From Synthesis to Creative Ideas,"Make sense of design research data, learn to frame a problem from a user's perspective, and generate lots of new ideas: This course will introduce you to the basics of design synthesis and brainstorming techniques."
1057,Einführung in die Mathematik der Algorithmik,"In allen Anwendungen in der Informatik steckt eine große Portion Mathematik. Insbesondere basieren viele Algorithmen, die uns täglich helfen (zum Beispiel Googles Suchalgorithmen oder Routenfindung bei Navigationssytemen) auf cleveren mathematische Einsichten.
In diesem Kurs wird die Sprache der modernen Mathematik vorgestellt. In der ersten Woche werden wir dazu die grundlegenden Bausteine einführen; dabei wird es um Quantoren und Junktoren, sowie Formalisierungen und Spezifikationen gehen. In der zweiten Woche werden wir diese Themen anhand ausgewählter Beispiele (Wegfindung und Googles PageRank Algorithmus) anwenden. In der dritten Woche steigen wir dann etwas tiefer in die Mathematik und lernen mehrere Analysewerkzeuge kennen (z.B. die berühmte ""O-Notation"")
Für diesen Kurs ist kein akademisches Vorwissen aus der Mathematik nötig. Teilnehmer des Kurses verstehen im Anschluss die mathematische Sprache und verstehen, wie diese bei algorithmischen Fragestellungen angewandt wird."
1058,Java Capstone Series Pt. 1,"The Java Capstone Series is a completely new course format.
Fewer videos and more hands-on activities.
Together, we will develop small Java projects from scratch to transform knowledge into competencies.
For the first iteration we will develop a little game, e.g. Pong or BreakOut.
The idea is to work on these projects in teams, but if you prefer you can also work alone. This format is completely new for us as well. We see ourselves rather as co-learners and facilitators than as teachers.
Until the course will officially start in mid-September, we have prepared a short survey consisting of basically just one question: What do you expect from this course? Topics, approaches, tools, tasks,..."
1059,Blockchain: Hype oder Innovation?,"Das Thema Blockchain polarisiert und hat sich in letzter Zeit zu einem Medienhype entwickelt. So sehen viele die Blockchain-Technologie entweder als eine Allzweckwaffe, zu der aber nur wenige einen Zugang haben, oder als eine Hacker-Technologie für geheime Geschäfte im Darknet. Dadurch sind diejenigen, die sich für das Thema interessieren, gezwungen sich für oder gegen die Blockchain-Technologie zu entscheiden. Dabei liegt die Innovation der Blockchain-Technologie in ihrer erfolgreichen Zusammensetzung bereits vorhandener Ansätze: dezentrale Netzwerke, Kryptographie und Konsensfindungsalgorithmen.
Im Rahmen des Kurses werden wir Ihnen helfen, Ihren eigenen Standpunkt zur Blockchain-Technologie zu finden und aufzeigen welche Eigenschaften wirklich innovativ und welche nichts weiter als ein Hype sind."
1060,IPv6 in modernen Netzwerken,"Jedes Gerät, das ans Internet angeschlossen ist, besitzt eine eigene IP-Adresse, über die es angesprochen werden kann. Dies wird beispielsweise dann nötig, wenn eine E-Mail von einem Absender zum Empfänger übermittelt werden soll. Der Empfänger kann mithilfe der IP-Adresse eindeutig identifiziert werden, ähnlich wie mit einer Postanschrift.
Mit der rasanten Verbreitung des Internets reichen die anfangs geschaffenen Adressen, genannt IPv4, nicht mehr aus. Um den Mangel an IP-Adressen zu beheben, hat die Internet Engineering Task Force (IETF) ein neues Internetprotokoll entwickelt, welches wir Ihnen in diesem Kurs vorstellen wollen. Sie erfahren, was hinter IPv6 steckt und wie es schrittweise in die Netzwerke eingeführt wird."
1061,Information Service Engineering,"The information available today exceeds all limits. Access to this abundance of data is only possible via search engines and sophisticated information processing applications. To enable the transition from raw data to well-structured knowledge, technologies such as natural language processing, information retrieval, and data and knowledge mining must be applied. In this MOOC, you will learn the fundamentals of natural language processing as well as the basics of Linked Data-based knowledge representation and machine learning to enable the transition from unstructured data to machine processable knowledge."
1062,IT-Recht für Software-Entwickler,"Sie sind Software-Ingenieur, Gründer oder Unternehmer eines IT-Unternehmens. Ihnen begegnen verschiedene rechtliche Themen. Die wichtigsten aus den Bereichen Verträge, Urheberrechte, Markenrecht, Patentrechte, Datenschutz, aber auch einige Bezüge zu Fragen bei Unternehmensverkäufen werden Ihnen in diesem 4-wöchigen Kurs von zwei anerkannten spezialisierten Rechtsanwälten auf diesem Gebiet nähergebracht.
Sie werden SaaS-, Kauf- und Entwicklungsverträge kennenlernen, aber auch erfahren, was man dokumentieren sollte, um die Rechte an seinem Code zu sichern. Wir möchten Sie in dem Kurs dafür sensibilisieren, Verträge aus dem Internet mit Vorsicht zu nutzen, da je nach Geschäftsmodell und handelnder Person (Unternehmen, Verbraucher) unterschiedliche Verträge notwendig werden."
1063,Internet Security for Beginners,"Hackers manage again and again to steal passwords, to access sensitive enterprise and user data, and, in the worst case scenario, to even paralyze entire companies. The Internet offers various possibilities to its users, but, at the same time, it harbors dangers and vulnerable points of attack, which many people are not even aware of. In this openHPI course you will learn the basics of Internet security. Why is the Internet insecure by nature of its design? What are the weak spots of the Internet and how are they exploited by cybercriminals? We want to answer these questions and a lot more in this course. Additionally, we will advise you on how to protect yourself from such cyberattacks."
1064,Linux für Alle,"In diesem Onlinekurs möchten wir Ihnen Linux vorstellen, ein Open Source Betriebssystem. Im täglichen Leben begegnet uns Linux häufig dort wo es vielen Menschen gar nicht wirklich bewusst ist: So laufen beispielsweise viele Webserver unter Linux, übrigens auch der openHPI-Server, Android baut auf Linux auf und auch als Spieleplattform ist Linux beliebt.
Man kann Linux aber auch auf nahezu jedem Desktop PC oder Laptop als ein kostenloses, alternatives Betriebssystem zu Windows nutzen.
Wir zeigen Ihnen Schritt für Schritt, wie Sie Linux bei sich installieren, konfigurieren und Programme benutzen können.
Der Umstieg auf das neue System ist unproblematisch.
Die üblichen Anwendungen wie Internet-Browser, E-Mail-Programme, Videoplayer oder Office-Programme sind auch unter Linux zu finden.
In praktischen Übungen können Sie das erworbene Wissen gleich anwenden."
1065,Big Data Analytics,"In diesem kostenlosen offenen Online-Kurs führen wir Sie in das aktuelle und viel diskutierte Thema Big Data Analytics ein. Der sechswöchige Kurs wird Ihnen verständlich machen, warum Daten der Schatz des 21. Jahrhunderts sind und wie man diesen heben kann. Ob Finanzdienstleister, produzierende Unternehmen, Internet-Dienstleister oder Forschungszentren: In Wirtschaft und Wissenschaft wächst das Interesse, in dem gewaltig anschwellenden Meer an erhobenen und anfallenden Daten diejenigen herauszufischen, die es auf interessante Zusammenhänge hin zu analysieren sowie vernünftig zu strukturieren und zu verknüpfen gilt. So können schneller bessere Erkenntnisse gewonnen, Entscheidungen getroffen und Prognosen erstellt werden. Das Meer an Daten führt dann zu einem Mehr an Wissen!
Im Kurs erfahren Sie, wie bei der Auswertung riesiger Datenmengen sinnvoll vorzugehen ist - angefangen bei modernsten Data Mining-Techniken zum ""Schürfen"" bislang verborgener oder ungenutzter Informationen über die Aufbereitung bis hin zur Analyse der Daten. Aktuelle Anwendungen und einprägsame Praxisbeispiele machen Sie mit den grundsätzlichen Problemstellungen vertraut. Welche verschiedenen Algorithmen bei der Lösung helfen können, wird ebenfalls diskutiert. Schließlich stellen wir Ihnen noch gängige Methoden vor, mit denen Sie in die Lage versetzt werden, Data-Mining-Lösungen für konkrete Anwendungen zu bewerten."
1066,Social Media - What No One has Told You about Privacy,"In this 2 week workshop we discuss the emergence of social media, how the concept gained popularity and has now become the axle in collaborative communication on the Internet. We follow this with a presentation of basic approaches that you can use to protect your data and more importantly your privacy on these platforms. Everyone knows the odd feeling of discomfort when having added someone you actually don't know very well to yours friends' list or to the wrong category within your contacts. The participants will learn in this openHPI course that privacy is still a concern also for users who do not actively use the Internet."
1067,Einführung in die Mathematik der Algorithmik,"In allen Anwendungen in der Informatik steckt eine große Portion Mathematik. Insbesondere basieren viele Algorithmen, die uns täglich helfen (zum Beispiel Googles Suchalgorithmen oder Routenfindung bei Navigationssytemen) auf cleveren mathematischen Einsichten.
In diesem Kurs wird die Sprache der modernen Mathematik vorgestellt. In der ersten Woche werden wir dazu die grundlegenden Bausteine einführen; dabei wird es um Quantoren und Junktoren, sowie Formalisierungen und Spezifikationen gehen. In der zweiten Woche werden wir diese Themen anhand ausgewählter Beispiele (zum Beispiel Logarithmengesetze und Landau-Notation) anwenden.
Für diesen Kurs ist kein akademisches Vorwissen aus der Mathematik nötig."
1068,In-Memory Data Management,"The „In-Memory Data Management"" MOOC in 2017 is the fifth iteration of Prof. Hasso Plattner's successful introduction into the inner mechanics of this recent technology. It is a repetition of the 2015 course and builds on the same, revised material. The course focuses on the management of enterprise data in column-oriented in-memory databases. Latest hardware and software trends led to the development of a new revolutionary database technology that enables flexible and lightning-fast analysis of massive amounts of enterprise data."
1069,Inspirations for Design: A Course on Human-Centered Research,Become a proficient explorer of the world around you and find inspirations that may lead to human-centered design solutions: This course will introduce you to the basics of design research.
1070,Embedded Smart Home,"In der zweiten Auflage des interaktiven Kurses Embedded Smart Home dreht sich alles um die zentrale Verwaltung des Embedded Smart Home. Als Basis des Workshop-Projekts wird auch in diesem Jahr wieder ein Raspberry Pi dienen. Es wird Einblicke geben in die Nutzung von Sensoren, Einführung in die Ansteuerung externer Aktuatoren im Haushalt (z.B. Beleuchtung, Heizung oder Jalousien) und Anzeige und Steuerung des Embedded Smart Home über ein zentrales Display. Zusätzlich werden wir aufgrund vielfacher Wünsche einen Einblick in die externe Steuerung und Überwachung mit einer Kamera geben. Wer noch keine Erfahrung mit Programmierung in Python hat, kann sich vorher noch den Kurs ""Spielend Programmieren lernen"" ansehen."
1071,Mainframes,"Kaum jemand kennt sie. Und dennoch hat man täglich mit ihnen zu tun. Wer an einem Bankautomaten Geld abhebt, wer einen Flug bucht, wer mit der Deutschen Bahn unterwegs ist: Immer arbeiten im Hintergrund Mainframes, welche die wirklich entscheidende Arbeit verrichten und dafür sorgen, dass alles sicher und ohne Datenverlust vonstatten geht. Mehr als 70 Prozent der Global 500 arbeiten mit diesen Großrechnern.
Prof. Andreas Polze leitet den Kurs ""Mainframes"", in dem Referenten aus dem Academic Mainframe Consortium zu Wort kommen werden. Dieses Consortium fördert die akademische Ausbildung auf Mainframe Computern und hat sich u.a. das Ziel gesetzt, die Forschung und Entwicklung in diesem Bereich zu fördern und voranzutreiben. Der Kurs ist eine Einführung in das Thema und wird insbesondere auf die Fragen der Mainframe-Architektur und der Anwendungsentwicklung eingehen. Außerdem werden Datenbanken und Transaktionssysteme, das Thema Sicherheit und Mainframes sowie Storage Management im Kurs behandelt werden.
Dieser Kurs richtet sich an alle, die sich für das Thema Mainframes interessieren und über grundlegende Kenntnisse in Informatik und Algorithmik verfügen."
1072,"Zusammenhänge entdecken, Phänomene verstehen: Programmieren mit Etoys","Viele Phänomene in komplexen Systeme mit vielen Teilnehmern widersprechen der Intuition zunächst. In solchen Fällen helfen interaktive Visualisierungen und Experimentierumgebungen, um das Verständnis zu erleichtern. Mit ein wenig Programmierkenntnis kann man solche Experimente selbst erstellen, um interessante Phänomene zu verstehen.
In diesem Kurs lernen wir, wie man die Ausbreitung von Krankheiten am Computer simulieren kann, sehen interaktiv, wie Impfungen auch die nicht geimpften Menschen schützen, und wir entdecken, was das mit Waldbränden zu tun hat. Teilnehmer können sich die Zusammenhänge in solchen Systemen spielerisch erschließen. Für die Simulationen, die wir programmieren, ist keine vorherige Programmiererfahrung nötig und wir lernen auch, wie man Werkzeuge programmiert, um diese Systeme grafisch zu analysieren. Wir benutzen in diesem Kurs die visuelle Programmiersprache Squeak/Etoys und ihre Werkzeuge zum Simulieren und Animieren von Systemen mit vielen Teilnehmern.
Der Kurs richtet sich an Jugendliche ab 12 Jahren."
1073,Wie designe ich meine eigene Homepage?,"Du bist ein Weltenbummler und möchtest deine Erfahrungen und Fotos auf einer eigenen Homepage teilen? Du informierst dich in Fashionblogs über die neuesten Trends und überlegst in einem eigenen Blog deine persönlichen Lieblingsstücke zu präsentieren? Oder hast du ein anderes cooles Hobby und würdest gerne alle Infos dazu auf einer eigenen Webseite zusammenstellen?
Hat eure Klasse schon eine eigene Homepage, auf der ihr auf einen Blick seht, was in den nächsten Wochen so ansteht und was auf Klassenfahrt nicht fehlen darf? Nein? In diesem 2-wöchigen Workshop lernst du von Lisa, einer Studentin des Hasso-Plattner-Instituts, wie du in wenigen Schritten zu deiner eigenen Homepage gelangst und was du dabei hinsichtlich Urheberrechten, Bild- und Farbzusammenstellung beachten solltest. Außerdem erfährst du, woher du dir witzige Icons holen und wie du sogar eigene Icons, ein eigenes Logo und andere graphische Elemente designen kannst."
1074,Java Workshop - Einführung in die Testgetriebene Entwicklung mit JUnit,"Probieren ist gut, testen ist besser. In der Regel weiss man, was ein Programm tun soll bevor man es schreibt. Warum nicht gleich die Bedingungen nach denen es funktionieren soll in Code fassen, der überprüft ob die Vorgaben auch erfüllt werden?
Um dies zu tun gibt es eine Reihe spezialisierter Frameworks die das auf verschiedene Weisen sicher stellen. In diesem Workshop wollen wir uns auf das Unit Testing mit JUnit konzentrieren. Unter Unit Tests versteht man Tests die kleine abgeschlossene Code-Einheiten, wie z.B. Klassen oder Methoden auf korrekte Funktionalität prüfen.
Grundkenntnisse der Objektorientierten Programmierung in Java und der Eclipse IDE werden vorausgesetzt. Der Kurs ""Java für Einsteiger"" sowie der ""Workshop Einführung in eine Java- Programmierumgebung (IDE)"", stehen im openHPI-Archiv zur Auffrischung der Java Grundkenntnisse zur Verfügung."
1075,BPMN Meets DMN: Business Process and Decision Modeling,"This course introduces concepts of business process modeling using the Business Process Model and Notation (BPMN) industry standard. Participants will learn the elements of process models and their precise meaning. Based on a thorough understanding of business process models, the last part of the course covers decision models using the Decision Model and Notation (DMN). Decision models complement process models by representing concrete, operational decisions, both with their structure and their decision logics. The course centers around concepts and language to describe and analyze business processes and decisions. It does not cover methods on how to model, improve, monitor or implement business processes. Still, a deep understanding of business processes and decisions is a useful basis for these activities."
1076,Spielend Programmieren lernen,"Dieser vierwöchige Kurs richtet sich an Schüler:innen und andere Interessierte, die schon immer in die Welt des Programmierens hineinschnuppern wollten. Auf spielerische Art und Weise wird anhand der Programmiersprache Python eine Einführung in die faszinierende Welt des Programmierens und der Informationstechnologie gegeben.
Dieser Programmierkurs hat bereits im Jahr 2015 stattgefunden. Zwischen dem 27. Oktober 2020 und 23. November 2020 bieten wir einen neuen, kostenlosen Python-Kurs an, in dem ihr Programmieren lernen könnt."
1077,Wie funktioniert eine Suchmaschine?,"Das Speichern von Information und Wissen ist seit Jahrtausenden Teil der Menschheitsgeschichte. Die Erfindung des Buchdrucks hat zu enormen Bibliotheken geführt, um das vorhandene Wissen zu konservieren und zugänglich zu machen. Mit den riesigen Mengen an Informationen und Wissen wurde es aber auch immer schwerer, relevante von irrelevanter Information zu trennen und Informationen wiederzufinden. Mit dem Erfolg des Internets schließlich kam es zu einer Explosion an öffentlich zugänglichen Informationen und neue Inhalte werden in nie dagewesenem Ausmaß produziert. Dieser Informationsflut Herr zu werden haben sich Suchmaschinen verschrieben.
In diesem Kurs wollen wir in die technischen Grundlagen einführen und einfache Konzepte des „Information Retrievals“ im Webkontext näher beleuchten: Wie ist eine Suchmaschine aufgebaut? Was passiert, wenn ich eine Suchanfrage eintippe? Nach welchen Kriterien werden Ergebnislisten erstellt? Auf Themen wie Suchmaschinenoptimierung (SEO) oder die konkrete Benutzung bestimmter Suchmaschinen wird dabei nicht näher eingegangen."
1078,Linked Data Engineering,"We are surrounded by data everywhere. By helping us to make better decisions, data plays a central role in our daily lives. An ever increasing number of data sources, driven by individuals and organizations, contribute to this data deluge by sharing their data with others. However, data is locked up behind proprietary, unreliable, and even unstable programming interfaces that prevent us from optimally making use of it.
Linked Data has the potential to revolutionize the way we discover, access, integrate, and use data; just in the way the World Wide Web has revolutionized the way we consume and connect documents.
This course will introduce you to the basic principles and technologies of Linked Data to enable data sharing and reuse on a massive scale. Held together by ontologies, i.e. knowledge representations based on Semantic Web technologies, Linked Data serves as the central building block of the emerging Web of Data."
1079,Sicherheit im Internet,"Hackern gelingt es immer wieder, Passwörter zu stehlen, auf sensible Firmen- und Userdaten zuzugreifen und somit schlimmstenfalls ganze Unternehmen lahmzulegen. So vielfältig die Möglichkeiten sind, die das Internet seinen Nutzern bietet, so vielfältig sind auch die Angriffspunkte und potenziellen Gefahren, die vom Internet ausgehen und vielen Menschen noch nicht richtig bewusst sind. In diesem openHPI-Kurs lernen Sie die Grundbegriffe der Internetsicherheit kennen. Warum ist das Internet in seinem Grunddesign unsicher? Welches sind die Schwachstellen des Internets und wie werden diese von Cyberkriminellen ausgenutzt? Diese Fragen werden unter anderem in diesem Kurs beantwortet. Gleichzeitig erhalten Sie einige Tipps, wie Sie sich vor solchen Angriffen schützen können."
1080,Web Technologies,"WWW, the world wide web or shortly the web - really nothing more than an information service on the Internet – has changed our world by creating a whole new digital world that is closely intertwined with our real world, making reality what was previously unimaginable: communication across the world in seconds, watching movies on a smartphone, playing games or looking at photos with remote partners in distant continents, shopping or banking from your couch … In our MOOC on web technologies you will learn how it all works."
1081,Automated Visual Software Analytics,"In this MOOC, we explore how the effectiveness of software development projects can be pro-actively improved by applying concepts, techniques, and tools from software diagnosis. The term ""software diagnosis"" refers to recently innovated techniques from automated software analysis and software visual analytics that aim at giving insights into information about complex software system implementations, the correlated software development processes, and the system evolution.
As precondition, our interested learners for this course shall have general knowledge about software development processes and procedures and have experience in IT-systems development or software maintenance."
1082,Datenmanagement mit SQL,"Im openHPI Kurs ""Datenmanagement mit SQL"" lernen Sie die Grundlagen von modernen Datenbanksystemen kennen. Wir untersuchen ihren Aufbau, wir planen den Entwurf von Datenbanken und schließlich lernen Sie die weltweit dominierende Anfragesprache SQL kennen."
1083,Java Workshop: Einführung in eine Java-Programmierumgebung (IDE),"Dieser zweiwöchige MOOC-Workshop wird als Ergänzung zum Kurs ""Objektorientierte Programmierung mit Java 2017"" angeboten. Unseren Kursteilnehmern wird eine Einführung in die Benutzung einer Java IDE (Integrated Development Environment = Programmierumgebung) gegeben.
Mit diesem Kurs möchten wir unsere Teilnehmer befähigen, das erlernte Wissen aus dem Programmierkurs zu festigen und eigene Programme umzusetzen."
1084,Web-Technologien,"Das WWW (World Wide Web) oder kurz einfach nur Web, hat die Welt auf unvorstellbare Weise verändert. Es hat eine neue digitale Welt geschaffen, die eng mit unserer echten Welt verflochten ist. Dadurch ist möglich geworden, was lange undenkbar schien: weltweite Kommunikation innerhalb von Sekunden, Filme schauen auf dem Smartphone, mit weit entfernten Menschen gemeinsam Spiele spielen oder Fotos ansehen und Einkäufe oder Bankgeschäfte von zuhause aus erledigen.
In unserem MOOC ""Web-Technologien"" lernen Sie, wie das alles funktioniert."
1085,Embedded Smart Home,"Herzlich Willkommen zum interaktiven Kurs „Embedded Smart Home“. Wir freuen uns, Sie in die Welt des Smart Home zu entführen. Während des Kurses bekommen Sie Einblicke in die Umsetzung eines Smart Home Projekts auf Basis eines Raspberry Pi und unter Nutzung von Sensoren, Aktuatoren und Displays. Um für die Programmierung gewappnet zu sein, können Sie Ihr Wissen aus dem zurückliegenden Python Kurs (""Spielend Programmieren lernen"") nutzen und vertiefen. Wer diesen Kurs noch nicht besucht hat, kann dies auch jetzt noch im Archivmodus machen.
Die Programmieraufgaben können auf einem von uns über die Lernplatform zur Verfügung gestellten Gerät durchgeführt werden. Wer möchte kann aber auch ein eigenes Gerät nutzen. Eine Einkaufsempfehlung für ein Starterpaket mit dem Raspberry Pi und allen nötigen Bauteilen und Sensoren steht zur Verfügung. Somit können Sie das Projekt, an dem wir arbeiten, auch zu Hause implementieren und selber nutzen.
Wir werden auf dem Raspberry Pi die Linux-Distribution Raspian benutzen und für die Programmieraufgaben Python verwenden.
Um den Kurs erfolgreich abzuschließen sind beide Varianten geeignet und Sie können selbst entscheiden, welche Möglichkeit Sie bevorzugen."
1086,Unternehmensgründung im IT-Bereich - Wie gründe ich erfolgreich ein IT-Startup?,"Die Digitalisierung treibt die Gründung neuer Unternehmen im IT-Sektor voran. Darüber hinaus gibt der Einsatz neuer IT-Technologien potenziellen Entrepreneuren die Möglichkeit, ihre Geschäftsideen relativ schnell zu testen, um marktfähige Softwareprodukte zu entwickeln.
In diesem zweiwöchigen Workshop möchten wir Ihnen einen praxisorientierten Einblick in die Herausforderungen und Fallstricke bei der Gründung eines IT-Startups geben. Was ist im Vorfeld, z.B. bei der Teamzusammenstellung zu beachten? Welche Methoden sind hilfreich, um das Geschäftsmodell darzustellen und weiterzuentwickeln? Wie positioniere ich ein innovatives IT-Produkt im Markt? Welche Finanzierungsinstrumente gibt es? Diese und viele weitere Fragen werden in unserem openHPI-Kurs besprochen, um Ihnen ein „Toolkit“ zur erfolgreichen Gründung eines IT-Unternehmen zu geben."
1087,Java für Einsteiger,"Mit diesem neuen openHPI Einsteigerkurs möchten wir unseren Teilnehmern die Grundlagen der Programmiersprache Java vermitteln. Java ist weit verbreitet und wird vielseitig eingesetzt. Unter anderem werden mit Java Programme für Googles Android Plattform entwickelt. Dieser MOOC vermittelt die grundlegenden Konzepte des Programmierens einfach und verständlich. Durch regelmäßige praktische Übungen wird das Gelernte angewendet und gefestigt. Wir sprechen mit diesem Kurs alle Einsteiger an, die sich für die Programmierung in Java interessieren. Voraussetzung ist ein starkes Interesse an der Funktionsweise von Programmen am Computer, Programmiererfahrung ist jedoch nicht notwendig. Unsere Teilnehmer benötigen lediglich einen Computer mit einem Internetzugang und einem Browser."
1088,Sichere Email,"Email ist eines der wichtigsten Kommunikationsmittel unserer Zeit. Dennoch lässt die Technologie hinsichtlich Sicherheit deutlich zu wünschen übrig. Als Email-Nutzer kann man sich weder sicher sein, dass niemand die Nachrichten mitliest, noch dass diese auch unverändert beim Empfänger ankommen. Um geeignete Sicherheitsmaßnahmen - die sogenannte Ende-zu-Ende-Verschlüsselung sowie digitale Signaturen - muss sich jeder einzelne Nutzer selbst kümmern.
In diesem openHPI-Workshop lernen Sie auch anhand praktischer Übungen, wie Sie mit dem Einsatz kostenloser Werkzeuge verschlüsselte und digital unterschriebene Emails versenden und empfangen können."
1089,Semantic Web Technologies,"The Web has become an object of our daily life and the amount of information in the web is ever growing. Besides plain texts, especially multimedia information such as graphics, audio or video has become a predominant part within the web's information traffic. But, how to find some useful information within this huge information space? Traditional search engines will come to the limits of their powers, when it comes to understanding information content. The Semantic Web is an extension of the traditional web in the sense that the information implicitly contained in natural language text is complemented by explicit semantics based on formal knowledge representation. In this course, you will learn the fundamentals of Semantic Web technologies. You will learn how to represent knowledge and how to access and benefit from semantic data on the Web."
1090,Code of Life - When Computer Science Meets Genetics,"Welcome to the class: we are very excited that you are interested in learning more about the foundations of life. In this openHPI course, we will give an introduction about components of human cells and their functions. We dive into the cell core to explore the Deoxyribonucleic Acid (DNA), its structure, and how it stores the code of life. Furthermore, we will explore how to discover genetic variants and mutations and how to assess their impact on the cell functions and the whole human body. Ultimately, we will outline how individual genetic variants can be connected to complex diseases, such as cancer. Just two decades ago, all these tasks would have been impossible due to missing knowledge about the DNA and a lack of computational power. As a result, you will learn basic concepts about how to incorporate latest computer science aspects to explore the code of life interactively."
1091,Social Media - What No One has Told You about Privacy,"In this 2 week workshop we discuss the emergence of social media, how the concept gained popularity and has now become the axle in collaborative communication on the Internet. We follow this with a presentation of basic approaches that you can use to protect your data and more importantly your privacy on these platforms. Everyone knows the odd feeling of discomfort when having added someone you actually don't know very well to yours friends' list or to the wrong category within your contacts. The participants will learn in this openHPI course that privacy is still a concern also for users who do not actively use the Internet."
1092,Knowledge Engineering with Semantic Web Technologies,"The knowledge contained in the World Wide Web is available in interlinked documents written in natural language. To make use of this knowledge, technologies such as natural language processing, information retrieval, data and knowledge mining must be applied. Semantic Web technologies follow an alternative approach by complementing web documents with explicit semantics based on formal knowledge representations, such as e.g. ontologies. In this MOOC, you will learn the fundamentals of Semantic Web technologies and how they are applied for knowledge representation in the World Wide Web. You will learn how to represent knowledge with ontologies and how to access and benefit from semantic data on the Web. Furthermore, you will also learn how to make use of Linked Data and the Web of Data, currently the most popular applications based on Semantic Web technologies."
1093,Web-Technologien,"Das Web – eigentlich nichts anderes als ein einfacher Informationsdienst im Internet – hat eine ganz neue digitale Welt entstehen lassen, die eng verwoben mit unserer realen Welt früher Unvorstellbares möglich macht: sekundenschnelle Kommunikation über Kontinente, Filme auf dem Smartphone anschauen, mit Partnern in entfernten Ländern spielen oder Fotos anschauen oder vom Sofa aus einkaufen und Bankgeschäfte tätigen… In unserem Onlinekurs zu den Web-Technologien lernen Sie, wie das alles funktioniert. Zunächst besprechen wir die dem Web zugrundeliegenden Basistechnologien URI, HTTP, HTML, CSS und XML. Auch wenn das zunächst sehr kryptisch klingt, werden Sie schnell verstehen, worum es geht. Wir sehen uns dann Webservices und die Techniken der Webprogrammierung an und üben diese ein. Dann werden wir uns mit der Frage beschäftigen, wie Suchmaschinen, die uns als Webweiser in der digitalen Welt so schnell und zuverlässig helfen, Inhalte und Dienstangebote im Web zu finden, eigentlich funktionieren. Der Kurs schließt mit einem Ausblick auf das Cloud Computing, das die Art und Weise, wie wir in Zukunft auf Rechenleistungen zugreifen werden, grundlegend verändert."
1094,Parallel Programming Concepts,"“Parallel Programming Concepts” presents relevant theoretical and practical foundations for parallel programming. We show crucial theoretical ideas such as semaphores and actors, the architecture of modern parallel hardware, different programming models such as task parallelism, message passing and functional programming, and several patterns and best practices. The course is suitable for all participants who are interested in getting a broader overview of parallelism, especially beyond the usage of multiple threads."
1095,Internetworking with TCP/IP,"Have you ever thought about how often you turn to the Internet throughout the day? Whether it be ordering a book or ticket online, checking the latest news or writing an email, everyday life without the Internet is nearly unimaginable. But wouldn’t it be nice to know how all of this is possible? This course will teach you about the technological foundation of this worldwide network. You will learn about its physical foundation of data transmission based on the functional principles and technologies of local area networks (LANs) and wide area networks (WANs). The TCP/IP reference model – the “heart” of the Internet – and its protocols and countless applications, will be presented in the units to follow. Participants will gain comprehensive insight into the complex world of Internet technologies. In clear terms, you will receive the knowledge to unlock the mysteries of the Internet."
1096,Sicher per E-Mail kommunizieren - Mitleser unerwünscht,"Die E-Mail ist eines der wichtigsten Kommunikationsmittel unserer Zeit. Dennoch lässt die Technologie hinsichtlich der Sicherheit deutlich zu wünschen übrig. E-Mail-Nutzer/innen können sich weder sicher sein, dass niemand die Nachrichten mitliest, noch dass diese auch unverändert bei den Empfänger/innen ankommen. Um geeignete Sicherheitsmaßnahmen - die sogenannte Ende-zu-Ende-Verschlüsselung sowie digitale Signaturen - müssen sich alle Nutzer/innen selbst kümmern.
In diesem openHPI-Workshop lernen Sie auch anhand praktischer Übungen, wie Sie mit dem Einsatz kostenloser Werkzeuge verschlüsselte und digital unterschriebene E-Mails versenden und empfangen können."
1097,Introduction to Successful Remote Teamwork,"Tele-working is becoming a more and more popular topic amongst modern organizations.
However, it also comes with some challenges for both: tele-workers and management.
This course will make you and your team fit for virtual collaboration in geographically distributed contexts. You will learn about the benefits and risks of driving a virtual team culture and how guided remote work drives to success. Furthermore, you will learn how to use intercultural competences as a key factor of interaction and communication. In the hands-on part of the course you will learn how to select appropriate online collaboration tools and how to employ them in a practical task. Working with a “real life” virtual team, you will gain first-hand experience about the opportunities and challenges of tele-working."
1098,openHPI Forum 2020 - Lessons Learned about Digital Education in Times of Crisis,"Wie ein Brennglas hat die weltweite Coronavirus-Pandemie offengelegt, was in der Online-Bildung schon funktioniert und was noch nicht. Wer schnell etwas für die eigene und die öffentliche Gesundheit tun wollte, belegte Onlinekurse, zum Beispiel der Weltgesundheitsorganisation WHO. Und Beschäftigte, die ihr Arbeitspensum reduzieren mussten oder den Job gar ganz verloren, setzen nun ihre Hoffnung auf virtuelle IT-Lernangebote, um ihr Berufsleben zukunftssicher zu machen. Ganz zu schweigen von Lehrkräften, Jugendlichen und Eltern, welche mittlerweile – mehr oder weniger unfreiwillig - Experten für digitalen Schulunterricht in der Cloud geworden sind.
Im diesjährigen openHPI-Forum, welches erstmals virtuell stattfindet, möchten wir mit Ihnen diskutieren, wie Covid-19 sich auf unterschiedliche Bereiche ausgewirkt hat und erörtern, was mögliche Langzeitfolgen, was nur kurze Trends sind. Seien Sie dabei!
English version below"
1099,Cybersecurity Basics - Prüfung,"Wenn Sie die drei Sicherheits-Workshops absolviert haben, die letztes Jahr auf openHPI angeboten wurden, sollten Sie nun bestens über die Basics der Cybersecurity Bescheid wissen. Hier bieten wir Ihnen die Möglichkeit, eine Prüfung über den Stoff aus allen drei Workshops abzulegen. Bei Erfolg erhalten Sie ein Zeugnis oder ein qualifiziertes Zertifikat, welches üblicherweise nur in 6-Wochen-Kursen vergeben wird.
Eine Einschreibung für die Prüfung ist erst möglich, wenn die Voraussetzungen für die Teilnahme erfüllt sind. Folgende Kriterien müssen erfüllt sein:
Teilnahme an den 3 Sicherheits-Workshops (Datensicherheit im Netz, Digitale Identitäten, Blockchain - Sicherheit auch ohne Trust Center)
Jeweils Erwerb der Teilnahmebestätigung (Zugriff auf mind. 80% der Lernmaterialien)
Die Teilnahme an den Wochentests in den einzelnen Kursen ist für diese Prüfung irrelevant."
1100,HPI Academy: Strategic Design Thinking For Every Day - Summer 2021,"This is an online course for everyone who wants to use Strategic Design Thinking for everyday challenges. You learn to use the whole potential of the approach, going beyond the method and the tools. Equip yourself with the most impactful Design Thinking principles to unlock your innovation capacity in complex, highly constrained situations.
Register now for the upcoming course starting April 23, 2021. Registration closes April 16, 2021.
This online training experience is provided by the HPI Academy."
